{
    "camera_matrix": [
        [
            1333.2682924558549,
            0.0,
            361.8470314038076
        ],
        [
            0.0,
            1332.7087128718554,
            222.24534509710256
        ],
        [
            0.0,
            0.0,
            1.0
        ]
    ],
    "dist_coeffs": [
        [
            0.18372817286252988,
            -1.2341292754790245,
            -0.012179340362047032,
            0.009990972389135249,
            16.233534123797657
        ]
    ],
    "reprojection_error": 0.07918964918691486
}