{
    "camera_matrix": [
        [
            1298.938463263572,
            0.0,
            349.141879629199
        ],
        [
            0.0,
            1297.1875576768632,
            270.47921961696403
        ],
        [
            0.0,
            0.0,
            1.0
        ]
    ],
    "dist_coeffs": [
        [
            0.3904386905477741,
            -4.059997323069886,
            0.004420279949656073,
            0.00532773508738124,
            19.94173075134898
        ]
    ],
    "reprojection_error": 0.11256397849442466
}