{"mtx1": [[1333.2682924558549, 0.0, 361.8470314038076], [0.0, 1332.7087128718554, 222.24534509710256], [0.0, 0.0, 1.0]], "dist1": [[0.18372817286252988, -1.2341292754790245, -0.012179340362047032, 0.009990972389135249, 16.233534123797657]], "mtx2": [[1298.938463263572, 0.0, 349.141879629199], [0.0, 1297.1875576768632, 270.47921961696403], [0.0, 0.0, 1.0]], "dist2": [[0.3904386905477741, -4.059997323069886, 0.004420279949656073, 0.00532773508738124, 19.94173075134898]], "R": [[0.9994068046869081, 0.005359798897793612, 0.0340192783768174], [-0.0037064360100526007, 0.9988173222083443, -0.0484790592798164], [-0.03423888254028701, 0.04832421145065667, 0.9982446942058169]], "T": [[2.878857009794087], [0.19686239799109573], [-0.8021847459848145]], "E": [[-0.009713594950649374, 0.8107492400481383, 0.15762768242928288], [-0.7031400467446408, -0.1434180437948509, -2.9010934815874645], [-0.20741591942817653, 2.8743971066794813, -0.14626139635510943]], "F": [[3.525241077792132e-07, -2.9435925593665158e-05, -0.0012126524017443876], [2.5552680718844948e-05, 5.214116654580985e-06, 0.1301589610460554], [0.002743212682068127, -0.12669141331388173, 1.0]]}